section,Assigned Users
014400005,video_e_5219
014400006,video_d_8082
014400007,video_i_0838
014400008,video_e_4327
014400009,video_n_9066
014400010,video_s_4910
014400011,video_u_0526
014400012,video_q_0550
014400013,video_h_8719
014400014,video_n_2047
132100019,video_b_3600
014400015,video_j_4170
132100020,video_y_8446
014400016,video_e_0244
132100021,video_a_4245
010100011,video_c_6213
132100022,video_i_0978
014400017,video_l_3781
014400018,video_m_2926
131400003,video_e_5955
010100023,video_t_2001
132100023,video_p_3253
014400019,video_x_6105
014400020,video_s_4850
131400004,video_r_7216
014400021,video_u_2632
014400022,video_m_3742
014400023,video_u_0597
131400005,video_t_5552
132100024,video_v_9445
014400024,video_e_9382
010200001,video_f_6000
132100026,video_n_1583
014400025,video_n_2881
132100027,video_i_1002
014400026,video_f_3947
014400027,video_r_3290
010200002,video_y_0880
014400028,video_r_5748
014400029,video_m_5899
014400030,video_v_2429
014900005,video_v_5606
010200003,video_l_1020
014900006,video_o_7422
015200001,video_u_3833
010200004,video_v_2703
132100028,video_z_4745
132400010,video_c_8926
015200002,video_e_8393
015200003,video_l_1714
132900003,video_r_0235
015200004,video_x_3742
015200008,video_j_9236
015200013,video_c_0745
010200005,video_t_3085
015200018,video_x_4373
015200019,video_g_3692
010200006,video_g_3211
010200011,video_s_1685
132900004,video_d_6371
015300001,video_x_1861
015300004,video_n_0737
131400006,video_q_5996
132900005,video_g_3683
015300005,video_w_5946
132900006,video_i_2696
132900007,video_f_7672
015300007,video_q_2467
132900008,video_e_9546
132900009,video_b_8998
015300008,video_w_0850
132900010,video_o_9328
015300009,video_g_8519
010300006,video_s_1757
015300010,video_g_4078
132900011,video_o_4830
015300013,video_p_4397
132900012,video_t_6505
132900013,video_r_2365
015300014,video_y_9303
020100002,video_e_1279
010300007,video_s_0034
010300008,video_t_2549
010300009,video_q_9815
010300010,video_s_4380
020100003,video_i_5259
010300042,video_a_7719
132900014,video_r_7856
010300048,video_c_9201
020100025,video_p_0523
132900015,video_h_1902
010300099,video_l_6998
131400007,video_e_1443
020100026,video_a_9872
020100029,video_u_0509
010300120,video_d_1428
010300121,video_f_3486
132900016,video_e_9989
020100033,video_x_1176
132900017,video_o_9687
010300129,video_b_5496
132900018,video_p_4421
020100034,video_x_4086
020100038,video_w_4349
020100039,video_h_5345
132900019,video_z_2772
131400008,video_a_5491
020100040,video_s_2557
010300132,video_q_9821
132900020,video_z_5494
020100041,video_l_6335
020100042,video_j_4970
020100043,video_l_5458
020100044,video_q_0242
020100045,video_d_1919
131400009,video_m_0237
010300133,video_y_3087
020100046,video_x_5485
020100048,video_r_8275
020400076,video_c_3683
020400078,video_h_6556
131400010,video_c_9114
020400079,video_l_4320
020400081,video_t_2322
020400090,video_u_6402
020400098,video_f_6838
020400101,video_s_0664
020400115,video_s_7415
132900021,video_z_4699
020400145,video_c_0223
131400011,video_u_5804
132900022,video_i_6577
132900023,video_q_4486
020400148,video_z_6210
020400149,video_z_8889
132900025,video_x_7477
010300135,video_j_7988
131900001,video_d_0732
020400261,video_x_8959
010300137,video_x_9147
020400262,video_a_4080
020400321,video_h_8762
020400323,video_l_3651
011100018,video_c_2974
011100030,video_b_2269
020600003,video_k_7740
020600006,video_b_0004
011100031,video_f_8900
011300001,video_z_0544
020600007,video_t_0920
011300002,video_u_3001
020600017,video_a_9187
020600018,video_i_7772
020600030,video_v_6512
131900002,video_g_7517
132900026,video_h_7733
020600032,video_z_5929
020600040,video_b_6898
020800003,video_c_0761
132900028,video_m_5229
020800009,video_v_7008
020800010,video_m_8406
020800015,video_c_6659
132900029,video_t_7278
011300003,video_t_8774
020800016,video_e_7012
132900030,video_u_2182
020900006,video_i_1593
011300004,video_r_3893
131900003,video_o_4351
133200001,video_g_4507
020900021,video_i_6988
131900004,video_x_4522
020900027,video_e_0278
133200002,video_z_5769
133200003,video_b_3216
020900028,video_h_9515
020900029,video_b_5122
020900030,video_p_7823
011300005,video_i_3937
133200004,video_o_0452
011300006,video_a_0025
131900005,video_g_7357
020900038,video_l_5629
020900043,video_u_9282
020900046,video_h_2643
133200005,video_d_5533
020900047,video_s_4514
131900006,video_p_7246
020900055,video_a_8624
021200007,video_c_4454
021300007,video_x_3616
021300008,video_u_8731
021300013,video_j_2730
021300019,video_h_6486
021500001,video_x_8674
131900007,video_u_6383
133200006,video_l_7773
131900008,video_y_9463
133200007,video_e_8231
021500015,video_c_6323
133200008,video_a_9675
011300007,video_z_0661
021500018,video_v_5675
021500024,video_u_6516
011300008,video_b_6146
011300009,video_d_6013
021500027,video_z_6430
131900009,video_p_3637
021500028,video_k_9255
131900010,video_h_5584
011300010,video_h_6813
021700007,video_l_1721
021700008,video_g_0089
011300011,video_d_4861
021700009,video_f_7980
021700010,video_m_2924
021700011,video_k_1182
021700014,video_i_6737
133200009,video_u_1666
021700032,video_i_1084
011300013,video_a_2554
021700040,video_a_2950
131900011,video_l_0380
021700043,video_a_4255
131900012,video_y_9515
021700044,video_l_1244
021700045,video_j_1945
021700047,video_f_4027
011300014,video_b_3291
021800001,video_t_8658
021800002,video_y_9767
021800003,video_c_7151
011300015,video_w_6280
011300016,video_q_6097
021800004,video_n_9922
133900001,video_q_3731
021800006,video_n_1880
021800008,video_o_8200
140800014,video_z_1551
021800011,video_p_7369
131900013,video_d_4869
021800012,video_e_9564
141900002,video_b_5545
141900007,video_i_3964
021800013,video_r_1323
021800015,video_v_0863
131900014,video_h_9499
131900015,video_l_3356
021800016,video_g_7377
021800017,video_q_7628
011300017,video_y_1709
011300018,video_i_9946
021800021,video_b_5026
011300019,video_a_4020
021800022,video_c_3477
131900016,video_l_3488
021800023,video_j_2670
021800024,video_f_4228
021800026,video_w_3562
021800029,video_d_1347
021800030,video_z_8914
011300020,video_a_1041
011300021,video_t_4937
131900017,video_k_2657
141900011,video_p_1439
143200025,video_k_8535
011300022,video_v_7588
011300023,video_b_3769
013300027,video_m_6959
021800031,video_f_2917
143200035,video_o_5702
131900018,video_y_5853
021800032,video_r_0283
021800033,video_e_8269
013300030,video_o_1800
131900019,video_x_4530
021800034,video_y_1016
013300031,video_p_8364
131900020,video_c_5092
021800037,video_j_8189
021800038,video_j_6178
021800039,video_b_8132
131900021,video_i_9815
021800042,video_m_5226
021800043,video_t_4365
013300032,video_m_1414
143200044,video_j_1354
021800044,video_q_9847
143200050,video_n_0512
143200051,video_s_5995
143200062,video_d_7379
021800049,video_r_8524
013300037,video_z_8628
013300063,video_x_1737
131900022,video_u_1486
021800051,video_n_6815
143200066,video_r_2836
021800052,video_c_8269
131900023,video_d_2714
022100012,video_n_8282
022100013,video_h_4375
022100016,video_k_1382
022100018,video_d_2533
013300077,video_e_5545
022100020,video_x_4967
022300002,video_l_1114
022300004,video_c_3553
131900024,video_s_6236
022300010,video_v_4129
022300012,video_e_9035
143200074,video_d_9191
131900025,video_b_1630
143200077,video_m_1829
013700011,video_w_2700
013700014,video_u_2576
022300017,video_u_9820
143200084,video_z_3297
143200090,video_k_7340
013700015,video_l_9011
131900026,video_v_8664
013700016,video_x_7053
131900027,video_n_2040
013700017,video_g_1897
022300018,video_d_0635
131900028,video_p_3470
022300019,video_t_3697
013700022,video_w_5348
022300020,video_w_1259
014000001,video_q_9041
131900029,video_o_4312
014000002,video_b_5177
022300021,video_g_7911
131900030,video_m_4403
131900031,video_n_4518
022300023,video_f_3494
022300024,video_b_2995
022300025,video_t_0656
022300026,video_t_1637
022300027,video_l_3222
143200091,video_a_2901
022300028,video_d_6978
022300030,video_u_6934
022700002,video_u_6669
022700004,video_x_9302
030200015,video_b_6888
014000003,video_x_4118
030200031,video_v_2253
030200034,video_d_1884
131900032,video_b_4939
030600386,video_u_8812
030601030,video_t_8984
131900033,video_v_3323
030601075,video_q_9405
014000004,video_y_8947
143200094,video_c_0935
143200103,video_d_6900
014000005,video_n_3555
030601076,video_v_6985
131900034,video_x_9664
143200110,video_g_3445
030602154,video_g_3840
143200129,video_m_2516
143200130,video_e_2494
143600012,video_h_9097
143600022,video_q_2524
014000006,video_e_2925
030603273,video_b_4168
143600028,video_g_5862
030603275,video_m_0695
030604300,video_c_6357
030604308,video_j_4514
131900035,video_q_8838
014000007,video_h_2634
014000008,video_g_5595
031300005,video_s_8885
031300022,video_z_6325
031400011,video_q_2491
143600035,video_y_1791
014000009,video_t_7546
031600008,video_z_8613
031600022,video_d_2246
014000010,video_o_7093
145100003,video_s_1152
031600027,video_w_3555
032400030,video_s_1961
014000011,video_u_0185
040400003,video_o_0037
145100004,video_f_7153
145100009,video_r_0883
040400096,video_q_7770
131900036,video_p_9931
041300018,video_d_7378
041400003,video_s_1424
042200008,video_w_1931
145100014,video_q_9961
145100017,video_n_4659
014000012,video_p_0994
151100014,video_g_1559
042200009,video_f_4547
131900037,video_e_4699
131900038,video_f_6202
131900039,video_y_6572
042600007,video_k_8231
151600009,video_i_4684
042800041,video_i_2709
050100008,video_t_9477
131900040,video_e_6140
014000013,video_v_5049
014000014,video_d_9658
152100001,video_z_3800
050900003,video_y_6285
131900041,video_a_1425
050900005,video_y_3801
152100003,video_x_3000
014000015,video_s_0770
131900042,video_n_3252
050900069,video_r_1131
014000016,video_p_5601
014000017,video_w_6345
050900074,video_c_2013
051600022,video_t_4471
152100005,video_e_7904
053300009,video_g_9722
060800015,video_b_5028
014000018,video_x_3931
014000019,video_n_1839
060800016,video_k_2469
014000020,video_z_2127
060800019,video_w_5030
060800034,video_w_8992
014000021,video_l_4854
061000011,video_x_8985
152100011,video_n_5069
061000013,video_t_0603
061000044,video_r_6132
061000046,video_f_1708
152300007,video_h_1584
131900043,video_v_3684
014000022,video_f_8662
061000047,video_r_8620
131900044,video_w_0915
061000053,video_y_2885
061000055,video_w_2636
061000056,video_l_7242
152300010,video_h_1036
014000023,video_c_2512
014000024,video_u_8220
014000025,video_e_2124
061000062,video_l_7662
131900045,video_m_9365
014000026,video_q_2354
131900046,video_i_8486
152400033,video_n_8948
014000032,video_b_0719
152400037,video_b_4430
014000035,video_n_5816
152400097,video_o_2768
061000063,video_p_9958
131900047,video_d_8323
014000036,video_m_0693
061000064,video_w_6496
152400204,video_c_9603
061000065,video_z_9331
014000037,video_c_8056
061000066,video_t_5442
061000072,video_g_5877
061000074,video_i_9734
061000079,video_y_5337
061000081,video_h_9847
061000082,video_s_9169
061000083,video_m_8402
061000084,video_a_9160
152400205,video_q_3702
014000038,video_r_8457
061000085,video_u_7994
014000039,video_h_4627
131900048,video_n_0324
061000086,video_l_1451
061000087,video_f_8362
014000041,video_a_0383
014000044,video_b_1632
061000088,video_n_3767
061000089,video_n_8322
014000045,video_q_8215
014000046,video_c_9574
061000090,video_z_1561
014000047,video_p_2004
061000091,video_t_3113
061000093,video_j_3844
014000048,video_v_6581
061000094,video_r_9900
061000095,video_x_7175
131900049,video_u_5126
014000049,video_h_3461
014000050,video_m_7546
061000096,video_f_3158
131900050,video_l_8636
014000051,video_g_0920
152400206,video_y_0699
014000052,video_o_2662
061000097,video_q_6456
061000098,video_f_3070
014000053,video_a_7489
131900051,video_u_7929
014000054,video_s_7142
061000100,video_p_3067
014000055,video_y_8034
014000056,video_s_1614
152400211,video_z_6971
014000057,video_b_7965
131900052,video_k_6049
061000101,video_j_9167
014000058,video_d_5175
014000059,video_q_7701
061000102,video_i_0993
061000103,video_k_8096
061000104,video_b_6592
014000060,video_o_1511
061000105,video_f_8241
062000016,video_a_7080
152400216,video_n_2837
062000017,video_m_3164
152400223,video_q_5032
014000061,video_g_7693
014000062,video_o_3317
152400224,video_t_4995
062000018,video_j_1063
062000019,video_v_0125
014000063,video_n_6091
062000020,video_w_6916
062000021,video_v_5015
014000064,video_v_7898
062000022,video_v_1678
062000023,video_n_8938
014000065,video_q_8971
062000024,video_n_4637
062000025,video_r_0502
014000066,video_h_0840
131900053,video_v_6483
014000067,video_g_4226
062000026,video_g_7300
062000027,video_a_3807
062100001,video_k_3105
014000068,video_k_4351
062100002,video_b_2582
014000069,video_a_0734
014200001,video_s_2803
062100003,video_h_0330
014200002,video_r_9631
062100004,video_z_2844
014200003,video_z_7290
014200004,video_l_7930
014200005,video_k_7559
062100005,video_o_7125
014200006,video_v_5551
014200007,video_e_5895
062100006,video_k_7624
062100007,video_g_9701
014200008,video_y_4104
062100008,video_k_8115
014200009,video_z_3578
062100009,video_t_6085
062100010,video_n_8695
062100011,video_u_7676
062100012,video_g_9621
014200010,video_o_8127
062100013,video_u_2404
014200011,video_s_9771
014200012,video_t_4340
014200013,video_i_2987
062100014,video_g_5762
014200014,video_g_8166
062100015,video_e_8582
152400230,video_r_6859
152700009,video_v_5075
014200015,video_w_5457
153700001,video_t_0517
062100016,video_x_3245
062100017,video_h_3417
014200016,video_q_7380
131900054,video_w_1779
014200017,video_j_6692
062100018,video_o_4814
153700003,video_d_5285
014200018,video_e_6280
063100006,video_h_4665
063200005,video_k_2950
063200006,video_x_9972
014200019,video_l_2962
063200007,video_a_0997
131900055,video_p_8737
153700018,video_p_2633
063200008,video_o_7724
153700036,video_i_6268
014200020,video_o_6836
153900012,video_s_9747
063200009,video_h_8266
014200021,video_w_9193
063200010,video_c_4849
014200022,video_w_6862
014200024,video_b_1250
063200011,video_c_9237
014400001,video_j_8311
014400002,video_l_4085
014400003,video_b_9495
014400004,video_o_3789
131900057,video_a_9701
063200012,video_h_2161
063200013,video_h_3935
063200014,video_h_3967
131900058,video_w_6836
063200015,video_e_5219
063500001,video_d_8082
063500002,video_i_0838
063500003,video_e_4327
063500004,video_n_9066
063500005,video_s_4910
063500006,video_u_0526
063500007,video_q_0550
063500008,video_h_8719
063500009,video_n_2047
153900013,video_b_3600
063500010,video_j_4170
153900016,video_y_8446
063500011,video_e_0244
162201013,video_a_4245
162201098,video_i_0978
063500012,video_l_3781
070500027,video_m_2926
131900059,video_e_5955
162202002,video_p_3253
070500057,video_x_6105
070500094,video_s_4850
131900060,video_r_7216
070500097,video_u_2632
070500101,video_m_3742
070500106,video_u_0597
131900061,video_t_5552
162202023,video_v_9445
070500113,video_e_9382
162202026,video_n_1583
072900007,video_n_2881
162202027,video_i_1002
072900008,video_f_3947
072900032,video_r_3290
072900038,video_r_5748
072900040,video_m_5899
072900041,video_v_2429
072900042,video_v_5606
072900043,video_o_7422
072900066,video_u_3833
162202028,video_z_4745
162202039,video_c_8926
080300027,video_e_8393
080300033,video_l_1714
162202046,video_r_0235
081200009,video_x_3742
081500055,video_j_9236
081500060,video_c_0745
081700001,video_x_4373
081700003,video_g_3692
162202049,video_d_6371
081700011,video_x_1861
082700004,video_n_0737
131900062,video_q_5996
162202051,video_g_3683
082700029,video_w_5946
162203003,video_i_2696
162204015,video_f_7672
082800006,video_q_2467
162204025,video_e_9546
162204037,video_b_8998
082800012,video_w_0850
162204044,video_o_9328
082800036,video_g_8519
082800083,video_g_4078
162204074,video_o_4830
082800084,video_p_4397
162205037,video_t_6505
162205064,video_r_2365
082800114,video_y_9303
090200007,video_e_1279
090200008,video_i_5259
162206062,video_r_7856
090200013,video_p_0523
170100054,video_h_1902
131900063,video_e_1443
090200015,video_a_9872
090200016,video_u_0509
170100055,video_e_9989
090200021,video_x_1176
170100056,video_o_9687
170100057,video_p_4421
090200028,video_x_4086
090200032,video_w_4349
090200034,video_h_5345
170100058,video_z_2772
131900064,video_a_5491
090200035,video_s_2557
170100059,video_z_5494
090200041,video_l_6335
090200044,video_j_4970
090200047,video_l_5458
090800001,video_q_0242
090800003,video_d_1919
131900065,video_m_0237
090800004,video_x_5485
090800007,video_r_8275
090800010,video_c_3683
090800021,video_h_6556
131900066,video_c_9114
090800032,video_l_4320
091400002,video_t_2322
091400009,video_u_6402
091400010,video_f_6838
091400011,video_s_0664
091400015,video_s_7415
170100060,video_z_4699
091400020,video_c_0223
131900067,video_u_5804
170100061,video_i_6577
170100062,video_q_4486
091400024,video_z_6210
091400025,video_z_8889
170100063,video_x_7477
131900068,video_d_0732
091400026,video_x_8959
091400029,video_a_4080
091400030,video_h_8762
091400033,video_l_3651
091400034,video_k_7740
091400040,video_b_0004
091400041,video_t_0920
091400042,video_a_9187
091400050,video_i_7772
091400051,video_v_6512
131900069,video_g_7517
170100064,video_h_7733
091400052,video_z_5929
091400053,video_b_6898
091400057,video_c_0761
170100065,video_m_5229
091400058,video_v_7008
091400062,video_m_8406
091400067,video_c_6659
170100066,video_t_7278
091400068,video_e_7012
170100068,video_u_2182
091400069,video_i_1593
131900070,video_o_4351
170100075,video_g_4507
091400071,video_i_6988
131900071,video_x_4522
091500007,video_e_0278
170100077,video_z_5769
170100079,video_b_3216
091500016,video_h_9515
091500019,video_b_5122
091500022,video_p_7823
170100089,video_o_0452
131900072,video_g_7357
091500027,video_l_5629
091500031,video_u_9282
091500038,video_h_2643
170100090,video_d_5533
091500043,video_s_4514
131900073,video_p_7246
091500045,video_a_8624
091500055,video_c_4454
091500062,video_x_3616
091500069,video_u_8731
091500076,video_j_2730
091600002,video_h_6486
091600008,video_x_8674
131900074,video_u_6383
170100098,video_l_7773
131900075,video_y_9463
170100099,video_e_8231
091600018,video_c_6323
170100100,video_a_9675
091600019,video_v_5675
091600023,video_u_6516
091600039,video_z_6430
131900076,video_p_3637
091600056,video_k_9255
131900077,video_h_5584
091600057,video_l_1721
091600061,video_g_0089
091600062,video_f_7980
091600064,video_m_2924
091600065,video_k_1182
091600066,video_i_6737
170100101,video_u_1666
091600069,video_i_1084
091600070,video_a_2950
131900078,video_l_0380
091600075,video_a_4255
131900079,video_y_9515
091600077,video_l_1244
091600080,video_j_1945
091600081,video_f_4027
091600084,video_t_8658
091600087,video_y_9767
091600088,video_c_7151
091600089,video_n_9922
170100103,video_q_3731
091600092,video_n_1880
091600093,video_o_8200
170100104,video_z_1551
091600094,video_p_7369
131900080,video_d_4869
091600096,video_e_9564
171200006,video_b_5545
171300014,video_i_3964
091600097,video_r_1323
091600099,video_v_0863
131900081,video_h_9499
131900082,video_l_3356
091600100,video_g_7377
091600102,video_q_7628
091600105,video_b_5026
091600112,video_c_3477
131900083,video_l_3488
091600113,video_j_2670
091600117,video_f_4228
091600120,video_w_3562
091600124,video_d_1347
091600125,video_z_8914
131900084,video_k_2657
171300015,video_p_1439
171300016,video_k_8535
091600128,video_f_2917
171300027,video_o_5702
131900085,video_y_5853
091600140,video_r_0283
091600141,video_e_8269
131900086,video_x_4530
091600142,video_y_1016
131900087,video_c_5092
091600145,video_j_8189
091600147,video_j_6178
091600155,video_b_8132
131900088,video_i_9815
092100003,video_m_5226
092100004,video_t_4365
171300028,video_j_1354
092100011,video_q_9847
171300036,video_n_0512
171300037,video_s_5995
171300038,video_d_7379
092100012,video_r_8524
131900089,video_u_1486
092100015,video_n_6815
171300039,video_r_2836
092100016,video_c_8269
131900090,video_d_2714
092100020,video_n_8282
092100021,video_h_4375
092100022,video_k_1382
092100026,video_d_2533
092100028,video_x_4967
092100029,video_l_1114
092100031,video_c_3553
131900091,video_s_6236
092100048,video_v_4129
092100052,video_e_9035
171300040,video_d_9191
131900151,video_b_1630
171300048,video_m_1829
092100054,video_u_9820
171300057,video_z_3297
171300063,video_k_7340
131900152,video_v_8664
131900153,video_n_2040
093500002,video_d_0635
131900154,video_p_3470
093500009,video_t_3697
093500023,video_w_1259
131900155,video_o_4312
093500025,video_g_7911
131900156,video_m_4403
131900157,video_n_4518
093500026,video_f_3494
093500027,video_b_2995
100400002,video_t_0656
100400004,video_t_1637
100400005,video_l_3222
171300064,video_a_2901
100500003,video_d_6978
102900001,video_u_6934
102900020,video_u_6669
102900021,video_x_9302
102900023,video_b_6888
102900050,video_v_2253
104800019,video_d_1884
131900158,video_b_4939
104800024,video_u_8812
104800025,video_t_8984
131900159,video_v_3323
104800049,video_q_9405
171300067,video_c_0935
171300068,video_d_6900
104800070,video_v_6985
131900160,video_x_9664
171300069,video_g_3445
104800072,video_g_3840
171300070,video_m_2516
171300071,video_e_2494
171300072,video_h_9097
171300073,video_q_2524
111800042,video_b_4168
171700015,video_g_5862
111900010,video_m_0695
111900013,video_c_6357
113300005,video_j_4514
131900161,video_q_8838
113300006,video_s_8885
113300007,video_z_6325
113300033,video_q_2491
172300003,video_y_1791
120200015,video_z_8613
120200018,video_d_2246
172300028,video_s_1152
120200019,video_w_3555
120200020,video_s_1961
120200029,video_o_0037
172800013,video_f_7153
172800014,video_r_0883
120400005,video_q_7770
131900162,video_p_9931
120400010,video_d_7378
120400019,video_s_1424
120700010,video_w_1931
173300001,video_q_9961
173300006,video_n_4659
173700002,video_g_1559
121100007,video_f_4547
131900163,video_e_4699
131900164,video_f_6202
131900165,video_y_6572
121100008,video_k_8231
174200012,video_i_4684
121100015,video_i_2709
121100019,video_t_9477
131900166,video_e_6140
174300002,video_z_3800
121100020,video_y_6285
131900167,video_a_1425
121200002,video_y_3801
190500002,video_x_3000
131900168,video_n_3252
122400010,video_r_1131
122400017,video_c_2013
122400028,video_t_4471
190500003,video_e_7904
122400029,video_g_9722
122400031,video_b_5028
122400032,video_k_2469
122400033,video_w_5030
122400035,video_w_8992
122400042,video_x_8985
190500005,video_n_5069
122400043,video_t_0603
122400044,video_r_6132
122400045,video_f_1708
190500007,video_h_1584
131900169,video_v_3684
122400047,video_r_8620
131900170,video_w_0915
122900013,video_y_2885
122900055,video_w_2636
122900056,video_l_7242
190500010,video_h_1036
122900064,video_l_7662
131900171,video_m_9365
131900172,video_i_8486
190500011,video_n_8948
190500020,video_b_4430
190800004,video_o_2768
122900077,video_p_9958
131900173,video_d_8323
123800001,video_w_6496
190800005,video_c_9603
123800005,video_z_9331
123800007,video_t_5442
130300001,video_g_5877
130300002,video_i_9734
130300003,video_y_5337
130300004,video_h_9847
130300005,video_s_9169
130400001,video_m_8402
130400002,video_a_9160
190800014,video_q_3702
130400003,video_u_7994
131900174,video_n_0324
130400004,video_l_1451
130400005,video_f_8362
130400006,video_n_3767
130400007,video_n_8322
130400008,video_z_1561
130400009,video_t_3113
130400011,video_j_3844
130400012,video_r_9900
130600001,video_x_7175
131900175,video_u_5126
130600002,video_f_3158
131900176,video_l_8636
191300006,video_y_0699
130600003,video_q_6456
130600004,video_f_3070
131900177,video_u_7929
130600005,video_p_3067
191300007,video_z_6971
131900178,video_k_6049
130600006,video_j_9167
130600007,video_i_0993
130600008,video_k_8096
130600009,video_b_6592
130600010,video_f_8241
130600011,video_a_7080
191300016,video_n_2837
130600013,video_m_3164
192700025,video_q_5032
192700038,video_t_4995
130600014,video_j_1063
130600015,video_v_0125
130600016,video_w_6916
130800001,video_v_5015
130800002,video_v_1678
130800003,video_n_8938
130800004,video_n_4637
130800005,video_r_0502
131900179,video_v_6483
130800006,video_g_7300
130800007,video_a_3807
130800008,video_k_3105
130800009,video_b_2582
130800010,video_h_0330
130800011,video_z_2844
130800012,video_o_7125
130800013,video_k_7624
130800014,video_g_9701
130800015,video_k_8115
130800016,video_t_6085
130800017,video_n_8695
130800018,video_u_7676
130800019,video_g_9621
130800020,video_u_2404
130800021,video_g_5762
130800022,video_e_8582
192700046,video_r_6859
192700048,video_v_5075
192700049,video_t_0517
130800024,video_x_3245
130800026,video_h_3417
131900180,video_w_1779
130800027,video_o_4814
192700055,video_d_5285
130800028,video_h_4665
130800029,video_k_2950
130800036,video_x_9972
130800037,video_a_0997
131900181,video_p_8737
192700063,video_p_2633
130800039,video_o_7724
192700068,video_i_6268
192700071,video_s_9747
130800041,video_h_8266
130800043,video_c_4849
130800054,video_c_9237
131900182,video_a_9701
130800059,video_h_2161
131400001,video_h_3935
131400002,video_h_3967
131900183,video_w_6836
192700075,video_b_3600
192700095,video_y_8446
192700101,video_a_4245
192700103,video_i_0978
131900184,video_e_5955
192700113,video_p_3253
131900185,video_r_7216
131900186,video_t_5552
192700121,video_v_9445
192700125,video_n_1583
192700143,video_i_1002
192700144,video_z_4745
192700146,video_c_8926
192700165,video_r_0235
192700171,video_d_6371
131900187,video_q_5996
192700176,video_g_3683
192700187,video_i_2696
192700198,video_f_7672
192700201,video_e_9546
192700203,video_b_8998
193300006,video_o_9328
193300007,video_o_4830
193300010,video_t_6505
193700004,video_r_2365
193700005,video_r_7856
200100205,video_h_1902
131900188,video_e_1443
200700301,video_e_9989
200700302,video_o_9687
200700314,video_p_4421
200700323,video_z_2772
131900189,video_a_5491
201000409,video_z_5494
131900190,video_m_0237
131900191,video_c_9114
201000410,video_z_4699
131900192,video_u_5804
201000411,video_i_6577
201000413,video_q_4486
201000414,video_x_7477
131900193,video_d_0732
131900194,video_g_7517
201000421,video_h_7733
201000423,video_m_5229
201000425,video_t_7278
201000426,video_u_2182
131900195,video_o_4351
201000431,video_g_4507
131900196,video_x_4522
201000432,video_z_5769
201000442,video_b_3216
201500502,video_o_0452
131900197,video_g_7357
201500503,video_d_5533
131900198,video_p_7246
131900200,video_u_6383
201500505,video_l_7773
131900201,video_y_9463
201500512,video_e_8231
201500513,video_a_9675
131900202,video_p_3637
131900203,video_h_5584
203100139,video_u_1666
131900204,video_l_0380
131900205,video_y_9515
203100140,video_q_3731
203100154,video_z_1551
132000001,video_d_4869
203100171,video_b_5545
203100172,video_i_3964
132000002,video_h_9499
132000003,video_l_3356
132000004,video_l_3488
132000005,video_k_2657
203100176,video_p_1439
203100181,video_k_8535
203200608,video_o_5702
132000006,video_y_5853
132000007,video_x_4530
132000008,video_c_5092
132000009,video_i_9815
203200613,video_j_1354
203400712,video_n_0512
211100004,video_s_5995
211100027,video_d_7379
132000010,video_u_1486
211600015,video_r_2836
132000011,video_d_2714
132000012,video_s_6236
212000039,video_d_9191
132000013,video_b_1630
212000047,video_m_1829
212000058,video_z_3297
212000092,video_k_7340
132000014,video_v_8664
132000015,video_n_2040
132000016,video_p_3470
132000017,video_o_4312
132000018,video_m_4403
132000019,video_n_4518
212000121,video_a_2901
132000020,video_b_4939
132000021,video_v_3323
212000128,video_c_0935
212000141,video_d_6900
132000022,video_x_9664
212000160,video_g_3445
212000164,video_m_2516
212000167,video_e_2494
212000168,video_h_9097
212000172,video_q_2524
212000174,video_g_5862
132000023,video_q_8838
212000177,video_y_1791
212000180,video_s_1152
212400010,video_f_7153
212400020,video_r_0883
132000024,video_p_9931
220500001,video_q_9961
220500002,video_n_4659
220500003,video_g_1559
132000025,video_e_4699
132000026,video_f_6202
132000027,video_y_6572
220500004,video_i_4684
132100001,video_e_6140
220500005,video_z_3800
132100002,video_a_1425
220500006,video_x_3000
132100003,video_n_3252
220500007,video_e_7904
220900012,video_n_5069
221100003,video_h_1584
132100004,video_v_3684
132100005,video_w_0915
221800003,video_h_1036
132100006,video_m_9365
132100007,video_i_8486
222700008,video_n_8948
223800013,video_b_4430
234602001,video_o_2768
132100008,video_d_8323
234602015,video_c_9603
234602049,video_q_3702
132100009,video_n_0324
132100010,video_u_5126
132100011,video_l_8636
234602064,video_y_0699
132100012,video_u_7929
234602073,video_z_6971
132100013,video_k_6049
234608040,video_n_2837
234608041,video_q_5032
234609011,video_t_4995
132100014,video_v_6483
234609065,video_r_6859
234610011,video_v_5075
234610078,video_t_0517
132100015,video_w_1779
234615029,video_d_5285
132100016,video_p_8737
234615038,video_p_2633
234615041,video_i_6268
234615042,video_s_9747
132100017,video_a_9701
132100018,video_w_6836
234615047,video_b_3600
234615059,video_y_8446
234615087,video_a_4245
234615123,video_i_0978
234616002,video_p_3253
234616003,video_v_9445
234616015,video_n_1583
234617006,video_i_1002
234617011,video_z_4745
234617013,video_c_8926
234617018,video_r_0235
234617027,video_d_6371
234617064,video_g_3683
234623010,video_i_2696
234623026,video_f_7672
244601010,video_e_9546
244603011,video_b_8998
244603012,video_o_9328
244603020,video_o_4830
244603052,video_t_6505
244603064,video_r_2365
244604025,video_r_7856
244604038,video_h_1902
244605037,video_e_9989
244606077,video_o_9687
244607005,video_p_4421
244607039,video_z_2772
244607040,video_z_5494
244607043,video_z_4699
244607070,video_i_6577
244607073,video_q_4486
244607074,video_x_7477
244607076,video_h_7733
244607082,video_m_5229
244614045,video_t_7278
244614059,video_u_2182
244614062,video_g_4507
244614072,video_z_5769
244622006,video_b_3216
244622012,video_o_0452
244622021,video_d_5533
254611006,video_l_7773
254611016,video_e_8231
254611059,video_a_9675
254611064,video_u_1666
254611065,video_q_3731
254612001,video_z_1551
254612006,video_b_5545
254612017,video_i_3964
254612023,video_p_1439
254613012,video_k_8535
254613013,video_o_5702
254613071,video_j_1354
254618002,video_n_0512
254618036,video_s_5995
254618039,video_d_7379
254618049,video_r_2836
254618050,video_d_9191
254618055,video_m_1829
254618061,video_z_3297
254618062,video_k_7340
254618063,video_a_2901
254618064,video_c_0935
254619071,video_d_6900
254619072,video_g_3445
254619100,video_m_2516
254619103,video_e_2494
254619130,video_h_9097
254619132,video_q_2524
254620018,video_g_5862
254620047,video_y_1791
254621005,video_s_1152
254621010,video_f_7153
254621011,video_r_0883
254621024,video_q_9961
254621030,video_n_4659
254624008,video_g_1559
254624011,video_i_4684
254624013,video_z_3800
260700014,video_x_3000
261600008,video_e_7904
261700004,video_n_5069
262000010,video_h_1584
262000011,video_h_1036
262000030,video_n_8948
262500009,video_b_4430
262500016,video_o_2768
263400002,video_c_9603
263900001,video_q_3702
263900004,video_y_0699
263900005,video_z_6971
263900016,video_n_2837
263900032,video_q_5032
263900033,video_t_4995
263900034,video_r_6859
263900035,video_v_5075
263900036,video_t_0517
263900041,video_d_5285
263900054,video_p_2633
264300033,video_i_6268
265900005,video_s_9747
010100003,
010100005,
010100008,
010100013,
010100015,
010200007,
010200008,
010200009,
010300031,
010300061,
010300095,
010300096,
010300100,
010300115,
011100006,
011100019,
011100029,
011100032,
011100033,
011100034,
011100035,
011100037,
011100038,
011100039,
011100040,
012800002,
012800004,
012800006,
012800007,
012800008,
013300002,
013300009,
013300011,
013300013,
013300014,
013300015,
013300016,
013300017,
013300025,
013300028,
013300029,
013300033,
013300034,
013300035,
013300036,
013300038,
013300039,
013300041,
013300042,
013300046,
013300051,
013300052,
013300053,
013300054,
013300055,
013300056,
013300059,
013300060,
013300061,
013300062,
013300064,
013300072,
013300078,
013300079,
013300080,
013300081,
013300082,
013300084,
013300085,
013300086,
013300087,
013300088,
013700003,
013700008,
013700009,
013700018,
013700019,
013700020,
013700021,
013700023,
013700024,
013700025,
013700026,
014000029,
014000030,
014000033,
014000034,
014000043,
014900001,
014900002,
014900003,
014900004,
015200006,
015200007,
015200014,
015200015,
015300002,
015300003,
015300006,
015300011,
015300012,
020100004,
020100012,
020100023,
020100030,
020100036,
020100049,
020400057,
020400074,
020400075,
020400080,
020400083,
020400171,
020400195,
020400240,
020400241,
020400257,
020400258,
020400260,
020400289,
020400293,
020400315,
020400324,
020400326,
020600021,
020800005,
020800018,
020800019,
020900018,
020900020,
020900025,
021200001,
021300006,
021300010,
021300014,
021500020,
021500022,
021500034,
021700002,
021700012,
021700015,
021800007,
021800009,
021800010,
021800019,
021800020,
021800025,
021800046,
021800048,
022100001,
022300003,
022300008,
022300011,
022700008,
030100005,
030100006,
030100007,
030100011,
030100014,
030100015,
030100016,
030200010,
030200011,
030200014,
030200016,
030200017,
030200018,
030200019,
030200027,
030400001,
030400002,
030500006,
030600381,
030600384,
030600385,
030601067,
030601069,
030601070,
030601071,
030601078,
030601081,
030601082,
030602124,
030602181,
030603192,
030603213,
030603218,
030603271,
030604296,
030604298,
030604326,
030604333,
030605358,
030605360,
030605361,
030605362,
030605363,
030605372,
030605373,
030800001,
030800005,
030900012,
030900013,
030900017,
030900020,
030900023,
031300001,
031300002,
031300003,
031300004,
031300006,
031300007,
031300008,
031300009,
031300010,
031300011,
031300012,
031300013,
031300014,
031300015,
031300020,
031300023,
031300024,
031300025,
031300027,
031400001,
031400003,
031400005,
031400008,
031400010,
031600001,
031600002,
031600003,
031600004,
031600005,
031600006,
031600018,
031600019,
031600020,
031600021,
031600023,
031600026,
032400012,
032400017,
032400019,
032400028,
032400029,
032400032,
032400033,
032400035,
032400037,
032400038,
032600003,
032600004,
032600005,
032600006,
032600007,
032600011,
032600013,
040400002,
040400061,
040400104,
040400112,
040400132,
040600024,
040600030,
040600053,
040600054,
040600065,
040600066,
040600071,
040600073,
040600074,
041300006,
041300020,
041400002,
041400004,
041400005,
042000018,
042200012,
042200021,
042200025,
042200027,
042200028,
042200039,
042200044,
042600004,
042600006,
042600008,
042600012,
042600017,
042600018,
042600019,
042600020,
042800001,
042800009,
042800010,
042800058,
042800065,
042800070,
043100006,
043100007,
043100009,
043100010,
043100013,
043100014,
043100015,
043100016,
043100026,
043200002,
043200003,
050300001,
050900001,
050900012,
050900018,
050900061,
050900062,
050900070,
050900071,
050900072,
050900073,
050900075,
050900076,
050900080,
050900100,
050900108,
050900109,
052200002,
052200003,
053000005,
053300001,
053300006,
053300007,
060500002,
060500005,
060500006,
060500007,
060500009,
060800001,
060800002,
060800004,
060800005,
060800006,
060800008,
060800014,
060800018,
060800021,
060800022,
060800023,
060800026,
060800027,
060800030,
060800031,
060800032,
060800035,
061000002,
061000012,
061000022,
061000034,
061000035,
061000041,
061000069,
061000073,
061000077,
061000099,
062000005,
062000006,
062000007,
062000010,
062000011,
062000012,
062700021,
062700033,
062800009,
062800010,
062800011,
063100001,
063100002,
063100005,
063100009,
070500004,
070500074,
071200008,
072900001,
072900005,
072900054,
072900055,
072900056,
073500008,
080300003,
080300010,
080300022,
080300024,
080300032,
081200012,
081200020,
081200032,
081500003,
081500005,
081500006,
081500008,
081500010,
081500012,
081500017,
081500023,
081500024,
081500027,
081500031,
081500032,
081500038,
081500040,
081500045,
081500058,
081500059,
081500061,
081500064,
081500066,
081500067,
081700004,
081700006,
081700016,
081700027,
082000001,
082000002,
082000006,
082000009,
082000011,
082000012,
082700002,
082700003,
082700005,
082700006,
082700009,
082700010,
082700011,
082700012,
082700015,
082700017,
082700018,
082700019,
082700020,
082700022,
082700026,
082700027,
082700031,
082800049,
082800074,
082800077,
082800078,
082800082,
082800109,
082800117,
082800122,
082800123,
082800124,
082800125,
082800126,
090200002,
090200003,
090200009,
090200012,
090200020,
090200024,
090200029,
090800002,
090800005,
090800006,
090800009,
090800015,
090800016,
090800017,
090800019,
090800020,
090800023,
090800025,
090800026,
090800030,
090800031,
090800033,
090800034,
090800037,
090800038,
091400001,
091400003,
091400018,
091400019,
091400021,
091400022,
091400023,
091400028,
091400031,
091400032,
091400036,
091400037,
091400038,
091400043,
091400046,
091400047,
091400066,
091400074,
091500011,
091500026,
091500034,
091500042,
091500047,
091500054,
091600001,
091600006,
091600007,
091600009,
091600011,
091600013,
091600020,
091600022,
091600024,
091600025,
091600027,
091600030,
091600034,
091600037,
091600041,
091600043,
091600047,
091600048,
091600050,
091600052,
091600054,
091600055,
091600058,
091600059,
091600060,
091600063,
091600068,
091600071,
091600072,
091600073,
091600082,
091600083,
091600090,
091600091,
091600095,
091600098,
091600104,
091600106,
091600107,
091600108,
091600110,
091600111,
091600114,
091600116,
091600118,
091600121,
091600122,
091600126,
091600129,
091600130,
091600131,
091600132,
091600133,
091600135,
091600137,
091600138,
091600146,
091600149,
091600153,
092100001,
092100002,
092100005,
092100007,
092100008,
092100010,
092100017,
092100025,
092100027,
092100051,
092100056,
093500004,
093500010,
093500013,
093500017,
093500019,
093500020,
093500021,
093500022,
093500030,
102700004,
102900008,
102900016,
102900017,
102900052,
102900058,
103800002,
104100009,
104800001,
104800003,
104800012,
104800041,
104800047,
110200001,
111700001,
111700002,
111700003,
111700004,
111700005,
111800001,
111800015,
111800046,
111800048,
111800052,
111800071,
111800072,
111800076,
111800089,
111900001,
111900002,
111900003,
111900005,
111900007,
111900008,
111900009,
111900011,
111900012,
111900018,
111900019,
111900020,
111900021,
111900022,
111900023,
111900024,
111900025,
113300002,
113300003,
113300008,
113300009,
113300010,
113300016,
113300017,
113300023,
113300035,
113300036,
113400025,
113400053,
113600009,
113800001,
113800003,
113800005,
113800007,
113800009,
120200038,
120200040,
120400004,
120400006,
120400007,
120400015,
120700009,
121100003,
121100004,
121100009,
121200004,
122400006,
122400018,
122400024,
122400027,
122400034,
122400039,
122400046,
122600003,
122600004,
122600005,
122600007,
122900005,
122900023,
122900046,
122900052,
122900053,
122900059,
122900067,
122900075,
123600001,
123800008,
130300006,
130300008,
130300009,
130600012,
130800038,
130800044,
130800046,
130800047,
130800051,
130800055,
130800056,
132400001,
132400005,
132400006,
132400007,
132400008,
132400009,
132400011,
132400012,
132400013,
132400014,
132400016,
132900001,
132900002,
133900002,
133900003,
133900004,
133900005,
140800022,
143200005,
143200011,
143200012,
143200017,
143200022,
143200036,
143200039,
143200040,
143200041,
143200045,
143200048,
143200057,
143200059,
143200061,
143200063,
143200064,
143200068,
143200070,
143200072,
143200073,
143200082,
143200083,
143200088,
143200092,
143200097,
143200098,
143200099,
143200101,
143200102,
143200104,
143200107,
143200109,
143200119,
143200120,
143200131,
143200132,
143600004,
143600008,
143600010,
143600015,
143600018,
143600033,
150800003,
150800004,
150800016,
151000002,
151000003,
151000018,
151000021,
151000023,
151100008,
151100010,
151600015,
151600016,
151600017,
151600023,
151600029,
152100002,
152100017,
152300001,
152300006,
152400006,
152400011,
152400044,
152400083,
152400089,
152400200,
152400201,
152400202,
152400203,
152400210,
152400217,
152700010,
153700002,
153700004,
153700005,
153700010,
153700011,
153700013,
153700015,
153700016,
153700037,
153700038,
153700039,
153900002,
153900006,
153900007,
153900008,
162201080,
162201081,
162201084,
162202005,
162202007,
162202021,
162202024,
162202025,
162202030,
162202031,
162202032,
162202033,
162202034,
162202035,
162202036,
162202037,
162202038,
162202040,
162202041,
162202042,
162202043,
162202044,
162202045,
162202047,
162202048,
162202050,
162202052,
162202053,
162202054,
162204014,
162204016,
162204033,
162204045,
162204069,
162204072,
162206029,
162206046,
170100091,
170700015,
171200001,
171200005,
171200007,
171200014,
171300008,
171300066,
171700009,
171700010,
171700011,
171700014,
171700020,
171700024,
171700026,
171700028,
171700035,
171700038,
172300006,
172300015,
172300027,
172300029,
172300031,
172300033,
172300034,
172300038,
172300039,
172500002,
172500009,
172500015,
172500017,
172500018,
172500021,
172500027,
172500028,
172500031,
172500033,
172600007,
172600010,
172600013,
172600031,
172600047,
172800011,
172800015,
173300007,
173300015,
173900004,
173900006,
173900009,
173900010,
174000006,
174100002,
174100019,
174100024,
174100026,
174200006,
181400003,
181400005,
181400006,
181400017,
181400027,
181400028,
181400029,
181400031,
181400035,
181600006,
181600025,
181600027,
181700001,
181700002,
181700015,
182600008,
182600018,
182600028,
182900001,
182900005,
182900007,
182900008,
182900010,
183600005,
190300008,
190300009,
190300010,
190400006,
190400017,
190400018,
190400024,
190500001,
190500004,
190500006,
190500008,
190500009,
190500012,
190500013,
190500016,
190500017,
190500018,
190500019,
190500021,
190800006,
190800007,
190800008,
190800013,
191300002,
191300009,
191300010,
191300011,
191300012,
191300013,
191300014,
191300015,
191300017,
192700051,
192700052,
192700053,
192700054,
192700056,
192700064,
192700084,
192700090,
192700093,
192700096,
192700185,
192700196,
192700200,
192700204,
192700207,
193300001,
193300002,
193300003,
193300004,
193300008,
193300009,
193300011,
193700009,
200100201,
200100204,
200100209,
200700304,
200700305,
200700306,
200700311,
200700316,
200700318,
201000404,
201000406,
201000408,
201000417,
201000418,
201000419,
201000424,
201000427,
201000428,
201000429,
201000430,
201000433,
201000434,
201000435,
201000437,
201000438,
201000439,
201000440,
203100137,
203100146,
203100149,
203100169,
203200604,
203200609,
203400703,
203400709,
203400715,
203400722,
203400723,
203400724,
211100003,
211100005,
211100006,
211100013,
211100014,
211100015,
211100016,
211100017,
211100019,
211100023,
211100025,
211100026,
211100029,
211100030,
211100031,
211100032,
211100033,
211600008,
211600009,
211600010,
211600011,
211600012,
211600013,
211600014,
211600016,
211600020,
211600034,
211600036,
211600037,
211600038,
211600040,
211600043,
212000020,
212000021,
212000022,
212000031,
212000052,
212000062,
212000090,
212000113,
212000114,
212000115,
212000116,
212000117,
212000118,
212000119,
212000120,
212000127,
212000131,
212000136,
212000137,
212000146,
212000165,
212000166,
212000169,
212000170,
212000171,
212000173,
212000175,
212000179,
212000181,
212000182,
212400005,
212400006,
212400008,
212400011,
212400012,
212400013,
212400014,
212400019,
220200001,
220900004,
220900009,
220900013,
221000001,
221000002,
221000003,
221000005,
221000008,
221000012,
221600021,
223100022,
223100036,
223100037,
223100059,
223100069,
223800006,
234617041,
234623006,
234623007,
244607071,
244607072,
244607075,
244607077,
244622001,
244622002,
244622026,
254611058,
254611061,
254611063,
254611066,
254611071,
254611073,
254619069,
254620051,
260700002,
260700008,
260700012,
260700015,
260700016,
260700019,
260700028,
260700031,
260700037,
260700041,
260700042,
260900001,
260900004,
261700007,
261700009,
261700011,
261700027,
261800010,
262000001,
262000002,
262000012,
262000019,
262000024,
262000026,
262500001,
262500003,
262500012,
262500014,
262600002,
262600010,
262600012,
263400011,
263400013,
263900003,
263900006,
263900026,
263900027,
263900030,
263900031,
263900045,
263900058,
263900062,
264300006,
264300007,
265600001,
265900001,
265900006,
270400004,
270400005,
270400006,
270400010,
270400011,
270400012,
270700001,
270700002,
270700003,
270700004,
270700005,
270700006,
270700007,
270700008,
270700009,
270700011,
270700012,
270700013,
270700014,
270700015,
270700016,
270700017,
270700018,
270700019,
270700020,
270700022,
271200002,
271200003,
271200004,
271200009,
271200014,
271200015,
271200018,
271200019,
271200023,
271200024,
271200025,
271200033,
271200034,
271200037,
271200038,
271200041,
271200045,
271200051,
271200060,
271200061,
271200062,
271200063,
271200064,
271200065,
271200066,
271200067,
271200068,
271200069,
271200070,
271200071,
271200074,
271200076,
271200077,
271200078,
271200079,
271200080,
271200082,
271200083,
271200085,
271200086,
272200004,
272200007,
272200009,
272200011,
272200012,
272200013,
272200014,
272200015,
272200016,
272300001,
272300003,
272300005,
272300007,
272300008,
272300012,
272300013,
272400002,
272400006,
272400008,
272400009,
272400010,
272400012,
272400013,
272400014,
272400015,
272400016,
272400017,
272400018,
272400019,
272400020,
272700001,
272700002,
272700005,
272700007,
272700009,
272700011,
272700015,
272700016,
272700017,
272700018,
272700020,
272700023,
272700024,
272700027,
272700028,
272700031,
272700032,
272700033,
272700034,
272700035,
273100001,
273100003,
273100009,
273100010,
273100013,
273100016,
273100018,
273100021,
273100022,
273100027,
273100028,
273100031,
273100038,
273100043,
273100045,
273100057,
273100062,
273100064,
273100069,
273100070,
273100071,
273100085,
273100086,
273100087,
273100089,
273100097,
273100100,
273100102,
273100103,
273100108,
273100115,
273100116,
273100118,
273100119,
273100120,
273100129,
273100132,
273100133,
273100134,
273100135,
273100136,
273100137,
273100138,
273100139,
273100140,
273100143,
273100146,
273100147,
273100149,
273100150,
273100153,
273100156,
273100157,
273100159,
273100161,
273100164,
273100165,
273100166,
273100167,
273100168,
273100169,
273100171,
273100175,
273100178,
273100180,
273100183,
273100184,
273100187,
273100188,
273100189,
273100191,
273100193,
273100194,
273100195,
273100199,
273100200,
273100201,
273100202,
273100205,
273100208,
273100209,
273600001,
273600002,
273600004,
273600005,
273600006,
273600007,
273600008,
273600011,
273600012,
273600014,
273600017,
273600018,
273600020,
273600021,
273600022,
273600024,
273600025,
273600026,
273600027,
273600030,
273600031,
273600032,
273600033,
273600034,
273600035,
273600036,
273600037,
273600038,
273600040,
273700001,
273700003,
273700004,
273700005,
273700006,
273800002,
273800003,
273800004,
273800005,
273800006,
280200001,
280200013,
280200032,
280200035,
282200001,
282200003,
282200006,
282200007,
282200008,
282200009,
282200010,
282200012,
282200014,
282200015,
282200016,
282200018,
282200019,
282200020,
282200021,
282200026,
282200028,
282200029,
282200031,
282200032,
282200033,
282200035,
282200038,
282200040,
282200042,
282200044,
282200046,
282200051,
282300003,
282300005,
282300011,
282400003,
282400012,
282400015,
282400021,
282400027,
282400030,
282400032,
282400036,
282400037,
282400042,
282400047,
283500002,
283500004,
283500005,
283500008,
283500012,
283500020,
283500022,
283500024,
283500026,
283500030,
283500033,
283500034,
283500036,
283500040,
283500042,
283500043,
283500047,
283500050,
283500053,
283500054,
283500055,
283500057,
283500058,
283500059,
283500060,
283500062,
283500063,
283500064,
283500065,
283500066,
283500067,
283500068,
283500074,
283500080,
283500081,
283500084,
283500085,
283500086,
283500087,
283500090,
283500093,
283500095,
283500096,
283500100,
283500103,
290900007,
290900009,
290900026,
290900037,
290900049,
290900053,
290900054,
290900055,
290900056,
290900057,
290900058,
290900060,
290900066,
290900067,
290900070,
290900076,
290900077,
290900078,
290900080,
290900081,
290900082,
290900087,
290900090,
291100013,
291100021,
291700001,
291700005,
291700008,
291700016,
291800004,
291800005,
291800008,
291900004,
291900010,
291900011,
291900012,
291900013,
291900014,
291900015,
292800003,
292800009,
292800014,
292800016,
292800017,
292800021,
292800022,
292800023,
292800025,
292800027,
292800035,
292800036,
292800042,
292900002,
292900003,
292900006,
292900009,
292900010,
292900011,
292900012,
292900013,
292900014,
292900015,
292900016,
293000001,
293000002,
293000003,
293000004,
293000005,
293000006,
293000007,
293000008,
293000009,
293000011,
293000012,
293000013,
293000017,
293000018,
293000019,
293000020,
293000022,
293000023,
293000024,
293000026,
293200007,
293200017,
293200022,
293300002,
293300006,
293300007,
293300008,
293300009,
293300019,
293300021,
293300023,
293300026,
293300043,
293400001,
293400002,
293400003,
293400006,
293400010,
293400018,
293400027,
293400031,
293400036,
293400038,
293400043,
293400048,
293400049,
293400050,
293400051,
293400052,
293400053,
293400054,
293400055,
293400056,
293400057,
293400058,
293400059,
293400060,
293400061,
293400062,
293400063,
293400064,
293400065,
293400066,
293400067,
293400068,
293400071,
293400081,
293400082,
293400085,
293400086,
293400087,
293400088,
293400089,
293400090,
293400091,
293400094,
293400102,
293400105,
293400106,
293400107,
293400115,
293400119,
293400120,
293400122,
293400123,
293400124,
293400126,
293400129,
293400130,
293400131,
293400132,
293400135,
293400138,
293400139,
293400140,
293400142,
293400143,
293400144,
293400145,
293400146,
293400147,
293400148,
293400149,
300700001,
300700003,
300700004,
300700005,
300700008,
300700009,
300700010,
300700012,
300700013,
300700014,
300700015,
301000001,
301000002,
301000003,
301000004,
301000005,
301000006,
301000007,
301000009,
301000011,
301000012,
301000013,
301000014,
301000015,
301000016,
301000017,
301000018,
301000019,
301100007,
301800001,
301800002,
301800003,
301800004,
301800005,
301800006,
301800008,
301800009,
301800010,
301800011,
301800013,
301800014,
301800016,
301800017,
301800018,
301800019,
301800020,
301800021,
301800022,
301800023,
301900006,
301900011,
301900012,
302100002,
302100003,
302100004,
302100006,
302100007,
302100009,
302100010,
302100011,
302100012,
302100013,
302200002,
302200003,
302200006,
302200019,
302200022,
302200026,
302200028,
302200029,
302200031,
302300007,
302300009,
302300012,
302300014,
302300015,
302300016,
302500007,
302500011,
302500013,
303000010,
303000031,
303000050,
303000052,
303000058,
303000064,
303000069,
303000091,
303000101,
303000102,
303000103,
303000104,
303000105,
303000109,
303000115,
303000120,
303000121,
303000124,
310300007,
310300012,
310300014,
310700007,
310700022,
312200004,
312200007,
312200014,
312200015,
312200019,
312500005,
312500008,
312500011,
312500017,
312500023,
312500024,
312500025,
312500031,
312500040,
312500046,
312500049,
312600015,
312600028,
312600041,
312600042,
312600043,
312600044,
312600045,
312600046,
312600047,
312600048,
312600049,
312600050,
312600051,
312600052,
312600053,
312600054,
312600055,
312600056,
312600057,
312600058,
312600072,
312600077,